duration,width,height,bitrate,framerate,frames,size,o_bitrate,o_framerate,o_width,o_height,utime
130.35667,176,144,54590,12,1564,889537,56000,12,176,144,0.612
130.35667,176,144,54590,12,1564,889537,56000,12,320,240,0.98
130.35667,176,144,54590,12,1564,889537,56000,12,480,360,1.216
130.35667,176,144,54590,12,1564,889537,56000,12,640,480,1.692
130.35667,176,144,54590,12,1564,889537,56000,12,1280,720,3.456
130.35667,176,144,54590,12,1564,889537,56000,12,1920,1080,6.32
130.35667,176,144,54590,12,1564,889537,56000,15,176,144,0.728
130.35667,176,144,54590,12,1564,889537,56000,15,320,240,0.944
130.35667,176,144,54590,12,1564,889537,56000,15,480,360,1.476
130.35667,176,144,54590,12,1564,889537,56000,15,640,480,1.964
130.35667,176,144,54590,12,1564,889537,56000,15,1280,720,3.968
130.35667,176,144,54590,12,1564,889537,56000,15,1920,1080,8.081
130.35667,176,144,54590,12,1564,889537,56000,24,176,144,0.896
130.35667,176,144,54590,12,1564,889537,56000,24,320,240,1.332
130.35667,176,144,54590,12,1564,889537,56000,24,480,360,2.08
130.35667,176,144,54590,12,1564,889537,56000,24,640,480,2.932
130.35667,176,144,54590,12,1564,889537,56000,24,1280,720,5.724
130.35667,176,144,54590,12,1564,889537,56000,24,1920,1080,11.613
130.35667,176,144,54590,12,1564,889537,56000,25,176,144,0.824
130.35667,176,144,54590,12,1564,889537,56000,25,320,240,1.244
130.35667,176,144,54590,12,1564,889537,56000,25,480,360,2.012
130.35667,176,144,54590,12,1564,889537,56000,25,640,480,2.86
130.35667,176,144,54590,12,1564,889537,56000,25,1280,720,6.6
130.35667,176,144,54590,12,1564,889537,56000,25,1920,1080,11.429
130.35667,176,144,54590,12,1564,889537,56000,29.97,176,144,0.92
130.35667,176,144,54590,12,1564,889537,56000,29.97,320,240,1.104
130.35667,176,144,54590,12,1564,889537,56000,29.97,480,360,2.288
130.35667,176,144,54590,12,1564,889537,56000,29.97,640,480,2.54
130.35667,176,144,54590,12,1564,889537,56000,29.97,1280,720,7.12
130.35667,176,144,54590,12,1564,889537,56000,29.97,1920,1080,13.517
130.35667,176,144,54590,12,1564,889537,109000,12,176,144,0.68
130.35667,176,144,54590,12,1564,889537,109000,12,320,240,1.06
130.35667,176,144,54590,12,1564,889537,109000,12,480,360,1.268
130.35667,176,144,54590,12,1564,889537,109000,12,640,480,1.7
130.35667,176,144,54590,12,1564,889537,109000,12,1280,720,3.264
130.35667,176,144,54590,12,1564,889537,109000,12,1920,1080,6.276
130.35667,176,144,54590,12,1564,889537,109000,15,176,144,0.672
130.35667,176,144,54590,12,1564,889537,109000,15,320,240,0.996
130.35667,176,144,54590,12,1564,889537,109000,15,480,360,1.26
130.35667,176,144,54590,12,1564,889537,109000,15,640,480,1.436
130.35667,176,144,54590,12,1564,889537,109000,15,1280,720,3.588
130.35667,176,144,54590,12,1564,889537,109000,15,1920,1080,7.392
130.35667,176,144,54590,12,1564,889537,109000,24,176,144,0.56
130.35667,176,144,54590,12,1564,889537,109000,24,320,240,0.984
130.35667,176,144,54590,12,1564,889537,109000,24,480,360,1.46
130.35667,176,144,54590,12,1564,889537,109000,24,640,480,2.272
130.35667,176,144,54590,12,1564,889537,109000,24,1280,720,5.992
130.35667,176,144,54590,12,1564,889537,109000,24,1920,1080,10.645
130.35667,176,144,54590,12,1564,889537,109000,25,176,144,0.82
130.35667,176,144,54590,12,1564,889537,109000,25,320,240,1.292
130.35667,176,144,54590,12,1564,889537,109000,25,480,360,1.96
130.35667,176,144,54590,12,1564,889537,109000,25,640,480,2.36
130.35667,176,144,54590,12,1564,889537,109000,25,1280,720,5.752
130.35667,176,144,54590,12,1564,889537,109000,25,1920,1080,10.813
130.35667,176,144,54590,12,1564,889537,109000,29.97,176,144,0.768
130.35667,176,144,54590,12,1564,889537,109000,29.97,320,240,1.444
130.35667,176,144,54590,12,1564,889537,109000,29.97,480,360,2.176
130.35667,176,144,54590,12,1564,889537,109000,29.97,640,480,3.044
130.35667,176,144,54590,12,1564,889537,109000,29.97,1280,720,7.028
130.35667,176,144,54590,12,1564,889537,109000,29.97,1920,1080,13.673
130.35667,176,144,54590,12,1564,889537,242000,12,176,144,0.688
130.35667,176,144,54590,12,1564,889537,242000,12,320,240,1.08
130.35667,176,144,54590,12,1564,889537,242000,12,480,360,1.388
130.35667,176,144,54590,12,1564,889537,242000,12,640,480,1.66
130.35667,176,144,54590,12,1564,889537,242000,12,1280,720,3.732
130.35667,176,144,54590,12,1564,889537,242000,12,1920,1080,6.52
130.35667,176,144,54590,12,1564,889537,242000,15,176,144,0.652
130.35667,176,144,54590,12,1564,889537,242000,15,320,240,1.084
130.35667,176,144,54590,12,1564,889537,242000,15,480,360,1.524
130.35667,176,144,54590,12,1564,889537,242000,15,640,480,2.02
130.35667,176,144,54590,12,1564,889537,242000,15,1280,720,3.96
130.35667,176,144,54590,12,1564,889537,242000,15,1920,1080,7.82
130.35667,176,144,54590,12,1564,889537,242000,24,176,144,0.844
130.35667,176,144,54590,12,1564,889537,242000,24,320,240,1.348
130.35667,176,144,54590,12,1564,889537,242000,24,480,360,2.112
130.35667,176,144,54590,12,1564,889537,242000,24,640,480,2.616
130.35667,176,144,54590,12,1564,889537,242000,24,1280,720,6.572
130.35667,176,144,54590,12,1564,889537,242000,24,1920,1080,12.605
130.35667,176,144,54590,12,1564,889537,242000,25,176,144,0.908
130.35667,176,144,54590,12,1564,889537,242000,25,320,240,1.42
130.35667,176,144,54590,12,1564,889537,242000,25,480,360,2.096
130.35667,176,144,54590,12,1564,889537,242000,25,640,480,2.444
130.35667,176,144,54590,12,1564,889537,242000,25,1280,720,6.004
130.35667,176,144,54590,12,1564,889537,242000,25,1920,1080,11.601
130.35667,176,144,54590,12,1564,889537,242000,29.97,176,144,1.06
130.35667,176,144,54590,12,1564,889537,242000,29.97,320,240,1.46
130.35667,176,144,54590,12,1564,889537,242000,29.97,480,360,2.408
130.35667,176,144,54590,12,1564,889537,242000,29.97,640,480,3.324
130.35667,176,144,54590,12,1564,889537,242000,29.97,1280,720,7.388
130.35667,176,144,54590,12,1564,889537,242000,29.97,1920,1080,15.273
130.35667,176,144,54590,12,1564,889537,539000,12,176,144,0.652
130.35667,176,144,54590,12,1564,889537,539000,12,320,240,1.116
130.35667,176,144,54590,12,1564,889537,539000,12,480,360,1.456
130.35667,176,144,54590,12,1564,889537,539000,12,640,480,1.956
130.35667,176,144,54590,12,1564,889537,539000,12,1280,720,3.572
130.35667,176,144,54590,12,1564,889537,539000,12,1920,1080,6.732
130.35667,176,144,54590,12,1564,889537,539000,15,176,144,0.7
130.35667,176,144,54590,12,1564,889537,539000,15,320,240,1.132
130.35667,176,144,54590,12,1564,889537,539000,15,480,360,1.684
130.35667,176,144,54590,12,1564,889537,539000,15,640,480,2.336
130.35667,176,144,54590,12,1564,889537,539000,15,1280,720,4.332
130.35667,176,144,54590,12,1564,889537,539000,15,1920,1080,7.7
130.35667,176,144,54590,12,1564,889537,539000,24,176,144,0.88
130.35667,176,144,54590,12,1564,889537,539000,24,320,240,1.488
130.35667,176,144,54590,12,1564,889537,539000,24,480,360,2.188
130.35667,176,144,54590,12,1564,889537,539000,24,640,480,3.092
130.35667,176,144,54590,12,1564,889537,539000,24,1280,720,5.648
130.35667,176,144,54590,12,1564,889537,539000,24,1920,1080,11.853
130.35667,176,144,54590,12,1564,889537,539000,25,176,144,0.84
130.35667,176,144,54590,12,1564,889537,539000,25,320,240,1.352
130.35667,176,144,54590,12,1564,889537,539000,25,480,360,2.22
130.35667,176,144,54590,12,1564,889537,539000,25,640,480,2.992
130.35667,176,144,54590,12,1564,889537,539000,25,1280,720,6.544
130.35667,176,144,54590,12,1564,889537,539000,25,1920,1080,12.493
130.35667,176,144,54590,12,1564,889537,539000,29.97,176,144,1.056
130.35667,176,144,54590,12,1564,889537,539000,29.97,320,240,1.664
130.35667,176,144,54590,12,1564,889537,539000,29.97,480,360,2.524
130.35667,176,144,54590,12,1564,889537,539000,29.97,640,480,2.736
130.35667,176,144,54590,12,1564,889537,539000,29.97,1280,720,7.656
130.35667,176,144,54590,12,1564,889537,539000,29.97,1920,1080,14.153
130.35667,176,144,54590,12,1564,889537,820000,12,176,144,0.676
130.35667,176,144,54590,12,1564,889537,820000,12,320,240,1.084
130.35667,176,144,54590,12,1564,889537,820000,12,480,360,1.54
130.35667,176,144,54590,12,1564,889537,820000,12,640,480,1.992
130.35667,176,144,54590,12,1564,889537,820000,12,1280,720,3.28
130.35667,176,144,54590,12,1564,889537,820000,12,1920,1080,7.172
130.35667,176,144,54590,12,1564,889537,820000,15,176,144,0.784
130.35667,176,144,54590,12,1564,889537,820000,15,320,240,1.252
130.35667,176,144,54590,12,1564,889537,820000,15,480,360,1.396
130.35667,176,144,54590,12,1564,889537,820000,15,640,480,2.352
130.35667,176,144,54590,12,1564,889537,820000,15,1280,720,3.864
130.35667,176,144,54590,12,1564,889537,820000,15,1920,1080,8.397
130.35667,176,144,54590,12,1564,889537,820000,24,176,144,0.988
130.35667,176,144,54590,12,1564,889537,820000,24,320,240,1.464
130.35667,176,144,54590,12,1564,889537,820000,24,480,360,2.444
130.35667,176,144,54590,12,1564,889537,820000,24,640,480,3.076
130.35667,176,144,54590,12,1564,889537,820000,24,1280,720,6.184
130.35667,176,144,54590,12,1564,889537,820000,24,1920,1080,12.541
130.35667,176,144,54590,12,1564,889537,820000,25,176,144,0.856
130.35667,176,144,54590,12,1564,889537,820000,25,320,240,1.336
130.35667,176,144,54590,12,1564,889537,820000,25,480,360,2.424
130.35667,176,144,54590,12,1564,889537,820000,25,640,480,2.844
130.35667,176,144,54590,12,1564,889537,820000,25,1280,720,5.828
130.35667,176,144,54590,12,1564,889537,820000,25,1920,1080,12.165
130.35667,176,144,54590,12,1564,889537,820000,29.97,176,144,0.94
130.35667,176,144,54590,12,1564,889537,820000,29.97,320,240,1.728
130.35667,176,144,54590,12,1564,889537,820000,29.97,480,360,2.628
130.35667,176,144,54590,12,1564,889537,820000,29.97,640,480,3.66
130.35667,176,144,54590,12,1564,889537,820000,29.97,1280,720,7.264
130.35667,176,144,54590,12,1564,889537,820000,29.97,1920,1080,14.185
130.35667,176,144,54590,12,1564,889537,3000000,12,176,144,0.576
130.35667,176,144,54590,12,1564,889537,3000000,12,320,240,1.168
130.35667,176,144,54590,12,1564,889537,3000000,12,480,360,1.664
130.35667,176,144,54590,12,1564,889537,3000000,12,640,480,2.264
130.35667,176,144,54590,12,1564,889537,3000000,12,1280,720,4.82
130.35667,176,144,54590,12,1564,889537,3000000,12,1920,1080,7.396
130.35667,176,144,54590,12,1564,889537,3000000,15,176,144,0.58
130.35667,176,144,54590,12,1564,889537,3000000,15,320,240,1.124
130.35667,176,144,54590,12,1564,889537,3000000,15,480,360,1.828
130.35667,176,144,54590,12,1564,889537,3000000,15,640,480,2.592
130.35667,176,144,54590,12,1564,889537,3000000,15,1280,720,5.412
130.35667,176,144,54590,12,1564,889537,3000000,15,1920,1080,9.013
130.35667,176,144,54590,12,1564,889537,3000000,24,176,144,0.92
130.35667,176,144,54590,12,1564,889537,3000000,24,320,240,1.524
130.35667,176,144,54590,12,1564,889537,3000000,24,480,360,2.364
130.35667,176,144,54590,12,1564,889537,3000000,24,640,480,2.592
130.35667,176,144,54590,12,1564,889537,3000000,24,1280,720,6.42
130.35667,176,144,54590,12,1564,889537,3000000,24,1920,1080,11.153
130.35667,176,144,54590,12,1564,889537,3000000,25,176,144,0.916
130.35667,176,144,54590,12,1564,889537,3000000,25,320,240,1.46
130.35667,176,144,54590,12,1564,889537,3000000,25,480,360,2.416
130.35667,176,144,54590,12,1564,889537,3000000,25,640,480,3.056
130.35667,176,144,54590,12,1564,889537,3000000,25,1280,720,7.248
130.35667,176,144,54590,12,1564,889537,3000000,25,1920,1080,11.897
130.35667,176,144,54590,12,1564,889537,3000000,29.97,176,144,1.072
130.35667,176,144,54590,12,1564,889537,3000000,29.97,320,240,1.824
130.35667,176,144,54590,12,1564,889537,3000000,29.97,480,360,2.408
130.35667,176,144,54590,12,1564,889537,3000000,29.97,640,480,3.188
130.35667,176,144,54590,12,1564,889537,3000000,29.97,1280,720,7.756
130.35667,176,144,54590,12,1564,889537,3000000,29.97,1920,1080,13.081
130.35667,176,144,54590,12,1564,889537,5000000,12,176,144,0.636
130.35667,176,144,54590,12,1564,889537,5000000,12,320,240,1.148
130.35667,176,144,54590,12,1564,889537,5000000,12,480,360,1.62
130.35667,176,144,54590,12,1564,889537,5000000,12,640,480,2.1
130.35667,176,144,54590,12,1564,889537,5000000,12,1280,720,4.716
130.35667,176,144,54590,12,1564,889537,5000000,12,1920,1080,7.552
130.35667,176,144,54590,12,1564,889537,5000000,15,176,144,0.72
130.35667,176,144,54590,12,1564,889537,5000000,15,320,240,1.324
130.35667,176,144,54590,12,1564,889537,5000000,15,480,360,1.588
130.35667,176,144,54590,12,1564,889537,5000000,15,640,480,2.544
130.35667,176,144,54590,12,1564,889537,5000000,15,1280,720,4.984
130.35667,176,144,54590,12,1564,889537,5000000,15,1920,1080,8.697
130.35667,176,144,54590,12,1564,889537,5000000,24,176,144,0.844
130.35667,176,144,54590,12,1564,889537,5000000,24,320,240,1.62
130.35667,176,144,54590,12,1564,889537,5000000,24,480,360,2.284
130.35667,176,144,54590,12,1564,889537,5000000,24,640,480,3.208
130.35667,176,144,54590,12,1564,889537,5000000,24,1280,720,6.936
130.35667,176,144,54590,12,1564,889537,5000000,24,1920,1080,12.029
130.35667,176,144,54590,12,1564,889537,5000000,25,176,144,0.896
130.35667,176,144,54590,12,1564,889537,5000000,25,320,240,1.548
130.35667,176,144,54590,12,1564,889537,5000000,25,480,360,2.44
130.35667,176,144,54590,12,1564,889537,5000000,25,640,480,3.572
130.35667,176,144,54590,12,1564,889537,5000000,25,1280,720,7
130.35667,176,144,54590,12,1564,889537,5000000,25,1920,1080,12.165
130.35667,176,144,54590,12,1564,889537,5000000,29.97,176,144,0.956
130.35667,176,144,54590,12,1564,889537,5000000,29.97,320,240,1.848
130.35667,176,144,54590,12,1564,889537,5000000,29.97,480,360,2.612
130.35667,176,144,54590,12,1564,889537,5000000,29.97,640,480,3.48
130.35667,176,144,54590,12,1564,889537,5000000,29.97,1280,720,9.381
130.35667,176,144,54590,12,1564,889537,5000000,29.97,1920,1080,13.397
130.35667,176,144,54590,12,1564,889537,56000,12,176,144,1.224
130.35667,176,144,54590,12,1564,889537,56000,12,320,240,2.048
130.35667,176,144,54590,12,1564,889537,56000,12,480,360,3.056
130.35667,176,144,54590,12,1564,889537,56000,12,640,480,4.336
130.35667,176,144,54590,12,1564,889537,56000,12,1280,720,9.513
130.35667,176,144,54590,12,1564,889537,56000,12,1920,1080,18.033
130.35667,176,144,54590,12,1564,889537,56000,15,176,144,1.3
130.35667,176,144,54590,12,1564,889537,56000,15,320,240,2.204
130.35667,176,144,54590,12,1564,889537,56000,15,480,360,3.248
130.35667,176,144,54590,12,1564,889537,56000,15,640,480,4.568
130.35667,176,144,54590,12,1564,889537,56000,15,1280,720,9.525
130.35667,176,144,54590,12,1564,889537,56000,15,1920,1080,17.921
130.35667,176,144,54590,12,1564,889537,56000,24,176,144,1.18
130.35667,176,144,54590,12,1564,889537,56000,24,320,240,2.012
130.35667,176,144,54590,12,1564,889537,56000,24,480,360,3.072
130.35667,176,144,54590,12,1564,889537,56000,24,640,480,4.316
130.35667,176,144,54590,12,1564,889537,56000,24,1280,720,9.373
130.35667,176,144,54590,12,1564,889537,56000,24,1920,1080,18.005
130.35667,176,144,54590,12,1564,889537,56000,25,176,144,1.22
130.35667,176,144,54590,12,1564,889537,56000,25,320,240,2.02
130.35667,176,144,54590,12,1564,889537,56000,25,480,360,3.068
130.35667,176,144,54590,12,1564,889537,56000,25,640,480,4.448
130.35667,176,144,54590,12,1564,889537,56000,25,1280,720,9.593
130.35667,176,144,54590,12,1564,889537,56000,25,1920,1080,18.149
130.35667,176,144,54590,12,1564,889537,56000,29.97,176,144,1.268
130.35667,176,144,54590,12,1564,889537,56000,29.97,320,240,2.052
130.35667,176,144,54590,12,1564,889537,56000,29.97,480,360,3.048
130.35667,176,144,54590,12,1564,889537,56000,29.97,640,480,4.38
130.35667,176,144,54590,12,1564,889537,56000,29.97,1280,720,9.533
130.35667,176,144,54590,12,1564,889537,56000,29.97,1920,1080,18.209
130.35667,176,144,54590,12,1564,889537,109000,12,176,144,1.344
130.35667,176,144,54590,12,1564,889537,109000,12,320,240,2.356
130.35667,176,144,54590,12,1564,889537,109000,12,480,360,3.408
130.35667,176,144,54590,12,1564,889537,109000,12,640,480,4.688
130.35667,176,144,54590,12,1564,889537,109000,12,1280,720,9.737
130.35667,176,144,54590,12,1564,889537,109000,12,1920,1080,18.609
130.35667,176,144,54590,12,1564,889537,109000,15,176,144,1.34
130.35667,176,144,54590,12,1564,889537,109000,15,320,240,2.512
130.35667,176,144,54590,12,1564,889537,109000,15,480,360,3.872
130.35667,176,144,54590,12,1564,889537,109000,15,640,480,5.116
130.35667,176,144,54590,12,1564,889537,109000,15,1280,720,10.137
130.35667,176,144,54590,12,1564,889537,109000,15,1920,1080,19.053
130.35667,176,144,54590,12,1564,889537,109000,24,176,144,1.304
130.35667,176,144,54590,12,1564,889537,109000,24,320,240,2.384
130.35667,176,144,54590,12,1564,889537,109000,24,480,360,3.556
130.35667,176,144,54590,12,1564,889537,109000,24,640,480,4.668
130.35667,176,144,54590,12,1564,889537,109000,24,1280,720,9.889
130.35667,176,144,54590,12,1564,889537,109000,24,1920,1080,18.541
130.35667,176,144,54590,12,1564,889537,109000,25,176,144,1.356
130.35667,176,144,54590,12,1564,889537,109000,25,320,240,2.384
130.35667,176,144,54590,12,1564,889537,109000,25,480,360,3.596
130.35667,176,144,54590,12,1564,889537,109000,25,640,480,4.7
130.35667,176,144,54590,12,1564,889537,109000,25,1280,720,9.961
130.35667,176,144,54590,12,1564,889537,109000,25,1920,1080,18.745
130.35667,176,144,54590,12,1564,889537,109000,29.97,176,144,1.308
130.35667,176,144,54590,12,1564,889537,109000,29.97,320,240,2.488
130.35667,176,144,54590,12,1564,889537,109000,29.97,480,360,3.492
130.35667,176,144,54590,12,1564,889537,109000,29.97,640,480,4.64
130.35667,176,144,54590,12,1564,889537,109000,29.97,1280,720,9.933
130.35667,176,144,54590,12,1564,889537,109000,29.97,1920,1080,18.673
130.35667,176,144,54590,12,1564,889537,242000,12,176,144,1.372
130.35667,176,144,54590,12,1564,889537,242000,12,320,240,2.72
130.35667,176,144,54590,12,1564,889537,242000,12,480,360,4.196
130.35667,176,144,54590,12,1564,889537,242000,12,640,480,5.588
130.35667,176,144,54590,12,1564,889537,242000,12,1280,720,10.321
130.35667,176,144,54590,12,1564,889537,242000,12,1920,1080,19.249
130.35667,176,144,54590,12,1564,889537,242000,15,176,144,1.32
130.35667,176,144,54590,12,1564,889537,242000,15,320,240,2.9
130.35667,176,144,54590,12,1564,889537,242000,15,480,360,4.584
130.35667,176,144,54590,12,1564,889537,242000,15,640,480,6.084
130.35667,176,144,54590,12,1564,889537,242000,15,1280,720,11.033
130.35667,176,144,54590,12,1564,889537,242000,15,1920,1080,20.005
130.35667,176,144,54590,12,1564,889537,242000,24,176,144,1.344
130.35667,176,144,54590,12,1564,889537,242000,24,320,240,2.724
130.35667,176,144,54590,12,1564,889537,242000,24,480,360,4.128
130.35667,176,144,54590,12,1564,889537,242000,24,640,480,5.588
130.35667,176,144,54590,12,1564,889537,242000,24,1280,720,10.301
130.35667,176,144,54590,12,1564,889537,242000,24,1920,1080,19.189
130.35667,176,144,54590,12,1564,889537,242000,25,176,144,1.372
130.35667,176,144,54590,12,1564,889537,242000,25,320,240,2.704
130.35667,176,144,54590,12,1564,889537,242000,25,480,360,4.208
130.35667,176,144,54590,12,1564,889537,242000,25,640,480,5.664
130.35667,176,144,54590,12,1564,889537,242000,25,1280,720,10.173
130.35667,176,144,54590,12,1564,889537,242000,25,1920,1080,19.353
130.35667,176,144,54590,12,1564,889537,242000,29.97,176,144,1.36
130.35667,176,144,54590,12,1564,889537,242000,29.97,320,240,2.708
130.35667,176,144,54590,12,1564,889537,242000,29.97,480,360,4.156
130.35667,176,144,54590,12,1564,889537,242000,29.97,640,480,5.676
130.35667,176,144,54590,12,1564,889537,242000,29.97,1280,720,10.229
130.35667,176,144,54590,12,1564,889537,242000,29.97,1920,1080,19.665
130.35667,176,144,54590,12,1564,889537,539000,12,176,144,1.252
130.35667,176,144,54590,12,1564,889537,539000,12,320,240,3.116
130.35667,176,144,54590,12,1564,889537,539000,12,480,360,5.064
130.35667,176,144,54590,12,1564,889537,539000,12,640,480,6.624
130.35667,176,144,54590,12,1564,889537,539000,12,1280,720,12.309
130.35667,176,144,54590,12,1564,889537,539000,12,1920,1080,20.737
130.35667,176,144,54590,12,1564,889537,539000,15,176,144,1.252
130.35667,176,144,54590,12,1564,889537,539000,15,320,240,3.128
130.35667,176,144,54590,12,1564,889537,539000,15,480,360,5.236
130.35667,176,144,54590,12,1564,889537,539000,15,640,480,7.116
130.35667,176,144,54590,12,1564,889537,539000,15,1280,720,13.957
130.35667,176,144,54590,12,1564,889537,539000,15,1920,1080,22.741
130.35667,176,144,54590,12,1564,889537,539000,24,176,144,1.284
130.35667,176,144,54590,12,1564,889537,539000,24,320,240,3.256
130.35667,176,144,54590,12,1564,889537,539000,24,480,360,5.076
130.35667,176,144,54590,12,1564,889537,539000,24,640,480,6.8
130.35667,176,144,54590,12,1564,889537,539000,24,1280,720,12.701
130.35667,176,144,54590,12,1564,889537,539000,24,1920,1080,20.937
130.35667,176,144,54590,12,1564,889537,539000,25,176,144,1.248
130.35667,176,144,54590,12,1564,889537,539000,25,320,240,3.072
130.35667,176,144,54590,12,1564,889537,539000,25,480,360,4.9
130.35667,176,144,54590,12,1564,889537,539000,25,640,480,6.768
130.35667,176,144,54590,12,1564,889537,539000,25,1280,720,12.197
130.35667,176,144,54590,12,1564,889537,539000,25,1920,1080,20.713
130.35667,176,144,54590,12,1564,889537,539000,29.97,176,144,1.316
130.35667,176,144,54590,12,1564,889537,539000,29.97,320,240,3.124
130.35667,176,144,54590,12,1564,889537,539000,29.97,480,360,5.168
130.35667,176,144,54590,12,1564,889537,539000,29.97,640,480,7.028
130.35667,176,144,54590,12,1564,889537,539000,29.97,1280,720,12.729
130.35667,176,144,54590,12,1564,889537,539000,29.97,1920,1080,20.745
130.35667,176,144,54590,12,1564,889537,820000,12,176,144,1.26
130.35667,176,144,54590,12,1564,889537,820000,12,320,240,3.096
130.35667,176,144,54590,12,1564,889537,820000,12,480,360,5.188
130.35667,176,144,54590,12,1564,889537,820000,12,640,480,7.38
130.35667,176,144,54590,12,1564,889537,820000,12,1280,720,14.537
130.35667,176,144,54590,12,1564,889537,820000,12,1920,1080,23.329
130.35667,176,144,54590,12,1564,889537,820000,15,176,144,1.256
130.35667,176,144,54590,12,1564,889537,820000,15,320,240,2.984
130.35667,176,144,54590,12,1564,889537,820000,15,480,360,5.064
130.35667,176,144,54590,12,1564,889537,820000,15,640,480,7.36
130.35667,176,144,54590,12,1564,889537,820000,15,1280,720,15.113
130.35667,176,144,54590,12,1564,889537,820000,15,1920,1080,26.394
130.35667,176,144,54590,12,1564,889537,820000,24,176,144,1.3
130.35667,176,144,54590,12,1564,889537,820000,24,320,240,3.128
130.35667,176,144,54590,12,1564,889537,820000,24,480,360,5.164
130.35667,176,144,54590,12,1564,889537,820000,24,640,480,7.456
130.35667,176,144,54590,12,1564,889537,820000,24,1280,720,14.029
130.35667,176,144,54590,12,1564,889537,820000,24,1920,1080,22.889
130.35667,176,144,54590,12,1564,889537,820000,25,176,144,1.264
130.35667,176,144,54590,12,1564,889537,820000,25,320,240,3.052
130.35667,176,144,54590,12,1564,889537,820000,25,480,360,5.184
130.35667,176,144,54590,12,1564,889537,820000,25,640,480,7.336
130.35667,176,144,54590,12,1564,889537,820000,25,1280,720,14.157
130.35667,176,144,54590,12,1564,889537,820000,25,1920,1080,23.189
130.35667,176,144,54590,12,1564,889537,820000,29.97,176,144,1.248
130.35667,176,144,54590,12,1564,889537,820000,29.97,320,240,3.08
130.35667,176,144,54590,12,1564,889537,820000,29.97,480,360,5.204
130.35667,176,144,54590,12,1564,889537,820000,29.97,640,480,7.296
130.35667,176,144,54590,12,1564,889537,820000,29.97,1280,720,14.109
130.35667,176,144,54590,12,1564,889537,820000,29.97,1920,1080,22.677
130.35667,176,144,54590,12,1564,889537,3000000,12,176,144,1.264
130.35667,176,144,54590,12,1564,889537,3000000,12,320,240,2.948
130.35667,176,144,54590,12,1564,889537,3000000,12,480,360,4.852
130.35667,176,144,54590,12,1564,889537,3000000,12,640,480,7.068
130.35667,176,144,54590,12,1564,889537,3000000,12,1280,720,16.013
130.35667,176,144,54590,12,1564,889537,3000000,12,1920,1080,32.35
130.35667,176,144,54590,12,1564,889537,3000000,15,176,144,1.268
130.35667,176,144,54590,12,1564,889537,3000000,15,320,240,2.948
130.35667,176,144,54590,12,1564,889537,3000000,15,480,360,4.852
130.35667,176,144,54590,12,1564,889537,3000000,15,640,480,7.14
130.35667,176,144,54590,12,1564,889537,3000000,15,1280,720,16.457
130.35667,176,144,54590,12,1564,889537,3000000,15,1920,1080,32.15
130.35667,176,144,54590,12,1564,889537,3000000,24,176,144,1.268
130.35667,176,144,54590,12,1564,889537,3000000,24,320,240,2.916
130.35667,176,144,54590,12,1564,889537,3000000,24,480,360,4.952
130.35667,176,144,54590,12,1564,889537,3000000,24,640,480,7.1
130.35667,176,144,54590,12,1564,889537,3000000,24,1280,720,16.217
130.35667,176,144,54590,12,1564,889537,3000000,24,1920,1080,31.946
130.35667,176,144,54590,12,1564,889537,3000000,25,176,144,1.248
130.35667,176,144,54590,12,1564,889537,3000000,25,320,240,2.956
130.35667,176,144,54590,12,1564,889537,3000000,25,480,360,4.852
130.35667,176,144,54590,12,1564,889537,3000000,25,640,480,7.128
130.35667,176,144,54590,12,1564,889537,3000000,25,1280,720,16.309
130.35667,176,144,54590,12,1564,889537,3000000,25,1920,1080,32.554
130.35667,176,144,54590,12,1564,889537,3000000,29.97,176,144,1.264
130.35667,176,144,54590,12,1564,889537,3000000,29.97,320,240,2.968
130.35667,176,144,54590,12,1564,889537,3000000,29.97,480,360,4.94
130.35667,176,144,54590,12,1564,889537,3000000,29.97,640,480,7.192
130.35667,176,144,54590,12,1564,889537,3000000,29.97,1280,720,16.865
130.35667,176,144,54590,12,1564,889537,3000000,29.97,1920,1080,31.718
130.35667,176,144,54590,12,1564,889537,5000000,12,176,144,1.244
130.35667,176,144,54590,12,1564,889537,5000000,12,320,240,2.924
130.35667,176,144,54590,12,1564,889537,5000000,12,480,360,4.848
130.35667,176,144,54590,12,1564,889537,5000000,12,640,480,7.268
130.35667,176,144,54590,12,1564,889537,5000000,12,1280,720,16.469
130.35667,176,144,54590,12,1564,889537,5000000,12,1920,1080,31.818
130.35667,176,144,54590,12,1564,889537,5000000,15,176,144,1.256
130.35667,176,144,54590,12,1564,889537,5000000,15,320,240,2.928
130.35667,176,144,54590,12,1564,889537,5000000,15,480,360,4.836
130.35667,176,144,54590,12,1564,889537,5000000,15,640,480,7.144
130.35667,176,144,54590,12,1564,889537,5000000,15,1280,720,16.581
130.35667,176,144,54590,12,1564,889537,5000000,15,1920,1080,33.038
130.35667,176,144,54590,12,1564,889537,5000000,24,176,144,1.252
130.35667,176,144,54590,12,1564,889537,5000000,24,320,240,2.932
130.35667,176,144,54590,12,1564,889537,5000000,24,480,360,4.896
130.35667,176,144,54590,12,1564,889537,5000000,24,640,480,7.16
130.35667,176,144,54590,12,1564,889537,5000000,24,1280,720,16.673
130.35667,176,144,54590,12,1564,889537,5000000,24,1920,1080,32.022
130.35667,176,144,54590,12,1564,889537,5000000,25,176,144,1.268
130.35667,176,144,54590,12,1564,889537,5000000,25,320,240,2.912
130.35667,176,144,54590,12,1564,889537,5000000,25,480,360,4.88
130.35667,176,144,54590,12,1564,889537,5000000,25,640,480,7.144
130.35667,176,144,54590,12,1564,889537,5000000,25,1280,720,16.649
130.35667,176,144,54590,12,1564,889537,5000000,25,1920,1080,32.198
130.35667,176,144,54590,12,1564,889537,5000000,29.97,176,144,1.26
130.35667,176,144,54590,12,1564,889537,5000000,29.97,320,240,2.96
130.35667,176,144,54590,12,1564,889537,5000000,29.97,480,360,4.896
130.35667,176,144,54590,12,1564,889537,5000000,29.97,640,480,7.3
130.35667,176,144,54590,12,1564,889537,5000000,29.97,1280,720,16.845
130.35667,176,144,54590,12,1564,889537,5000000,29.97,1920,1080,32.766
130.35667,176,144,54590,12,1564,889537,56000,12,176,144,0.308
130.35667,176,144,54590,12,1564,889537,56000,12,320,240,0.384
130.35667,176,144,54590,12,1564,889537,56000,12,480,360,0.504
130.35667,176,144,54590,12,1564,889537,56000,12,640,480,0.648
130.35667,176,144,54590,12,1564,889537,56000,12,1280,720,1.516
130.35667,176,144,54590,12,1564,889537,56000,12,1920,1080,3.276
130.35667,176,144,54590,12,1564,889537,56000,15,176,144,0.308
130.35667,176,144,54590,12,1564,889537,56000,15,320,240,0.384
130.35667,176,144,54590,12,1564,889537,56000,15,480,360,0.504
130.35667,176,144,54590,12,1564,889537,56000,15,640,480,0.676
130.35667,176,144,54590,12,1564,889537,56000,15,1280,720,1.536
130.35667,176,144,54590,12,1564,889537,56000,15,1920,1080,3.192
130.35667,176,144,54590,12,1564,889537,56000,24,176,144,0.304
130.35667,176,144,54590,12,1564,889537,56000,24,320,240,0.384
130.35667,176,144,54590,12,1564,889537,56000,24,480,360,0.508
130.35667,176,144,54590,12,1564,889537,56000,24,640,480,0.688
130.35667,176,144,54590,12,1564,889537,56000,24,1280,720,1.576
130.35667,176,144,54590,12,1564,889537,56000,24,1920,1080,3.172
130.35667,176,144,54590,12,1564,889537,56000,25,176,144,0.304
130.35667,176,144,54590,12,1564,889537,56000,25,320,240,0.372
130.35667,176,144,54590,12,1564,889537,56000,25,480,360,0.5
130.35667,176,144,54590,12,1564,889537,56000,25,640,480,0.668
130.35667,176,144,54590,12,1564,889537,56000,25,1280,720,1.528
130.35667,176,144,54590,12,1564,889537,56000,25,1920,1080,3.22
130.35667,176,144,54590,12,1564,889537,56000,29.97,176,144,0.308
130.35667,176,144,54590,12,1564,889537,56000,29.97,320,240,0.38
130.35667,176,144,54590,12,1564,889537,56000,29.97,480,360,0.508
130.35667,176,144,54590,12,1564,889537,56000,29.97,640,480,0.676
130.35667,176,144,54590,12,1564,889537,56000,29.97,1280,720,1.524
130.35667,176,144,54590,12,1564,889537,56000,29.97,1920,1080,3.212
130.35667,176,144,54590,12,1564,889537,109000,12,176,144,0.348
130.35667,176,144,54590,12,1564,889537,109000,12,320,240,0.4
130.35667,176,144,54590,12,1564,889537,109000,12,480,360,0.5
130.35667,176,144,54590,12,1564,889537,109000,12,640,480,0.664
130.35667,176,144,54590,12,1564,889537,109000,12,1280,720,1.5
130.35667,176,144,54590,12,1564,889537,109000,12,1920,1080,3.124
130.35667,176,144,54590,12,1564,889537,109000,15,176,144,0.316
130.35667,176,144,54590,12,1564,889537,109000,15,320,240,0.404
130.35667,176,144,54590,12,1564,889537,109000,15,480,360,0.5
130.35667,176,144,54590,12,1564,889537,109000,15,640,480,0.68
130.35667,176,144,54590,12,1564,889537,109000,15,1280,720,1.524
130.35667,176,144,54590,12,1564,889537,109000,15,1920,1080,3.224
130.35667,176,144,54590,12,1564,889537,109000,24,176,144,0.324
130.35667,176,144,54590,12,1564,889537,109000,24,320,240,0.396
130.35667,176,144,54590,12,1564,889537,109000,24,480,360,0.512
130.35667,176,144,54590,12,1564,889537,109000,24,640,480,0.672
130.35667,176,144,54590,12,1564,889537,109000,24,1280,720,1.484
130.35667,176,144,54590,12,1564,889537,109000,24,1920,1080,3.204
130.35667,176,144,54590,12,1564,889537,109000,25,176,144,0.304
130.35667,176,144,54590,12,1564,889537,109000,25,320,240,0.376
130.35667,176,144,54590,12,1564,889537,109000,25,480,360,0.512
130.35667,176,144,54590,12,1564,889537,109000,25,640,480,0.656
130.35667,176,144,54590,12,1564,889537,109000,25,1280,720,1.464
130.35667,176,144,54590,12,1564,889537,109000,25,1920,1080,3.132
130.35667,176,144,54590,12,1564,889537,109000,29.97,176,144,0.308
130.35667,176,144,54590,12,1564,889537,109000,29.97,320,240,0.388
130.35667,176,144,54590,12,1564,889537,109000,29.97,480,360,0.5
130.35667,176,144,54590,12,1564,889537,109000,29.97,640,480,0.664
130.35667,176,144,54590,12,1564,889537,109000,29.97,1280,720,1.456
130.35667,176,144,54590,12,1564,889537,109000,29.97,1920,1080,3.172
130.35667,176,144,54590,12,1564,889537,242000,12,176,144,0.324
130.35667,176,144,54590,12,1564,889537,242000,12,320,240,0.432
130.35667,176,144,54590,12,1564,889537,242000,12,480,360,0.552
130.35667,176,144,54590,12,1564,889537,242000,12,640,480,0.7
130.35667,176,144,54590,12,1564,889537,242000,12,1280,720,1.476
130.35667,176,144,54590,12,1564,889537,242000,12,1920,1080,3.144
130.35667,176,144,54590,12,1564,889537,242000,15,176,144,0.324
130.35667,176,144,54590,12,1564,889537,242000,15,320,240,0.42
130.35667,176,144,54590,12,1564,889537,242000,15,480,360,0.536
130.35667,176,144,54590,12,1564,889537,242000,15,640,480,0.648
130.35667,176,144,54590,12,1564,889537,242000,15,1280,720,1.512
130.35667,176,144,54590,12,1564,889537,242000,15,1920,1080,3.104
130.35667,176,144,54590,12,1564,889537,242000,24,176,144,0.324
130.35667,176,144,54590,12,1564,889537,242000,24,320,240,0.416
130.35667,176,144,54590,12,1564,889537,242000,24,480,360,0.552
130.35667,176,144,54590,12,1564,889537,242000,24,640,480,0.712
130.35667,176,144,54590,12,1564,889537,242000,24,1280,720,1.532
130.35667,176,144,54590,12,1564,889537,242000,24,1920,1080,3.316
130.35667,176,144,54590,12,1564,889537,242000,25,176,144,0.34
130.35667,176,144,54590,12,1564,889537,242000,25,320,240,0.416
130.35667,176,144,54590,12,1564,889537,242000,25,480,360,0.524
130.35667,176,144,54590,12,1564,889537,242000,25,640,480,0.656
130.35667,176,144,54590,12,1564,889537,242000,25,1280,720,1.46
130.35667,176,144,54590,12,1564,889537,242000,25,1920,1080,3.136
130.35667,176,144,54590,12,1564,889537,242000,29.97,176,144,0.312
130.35667,176,144,54590,12,1564,889537,242000,29.97,320,240,0.4
130.35667,176,144,54590,12,1564,889537,242000,29.97,480,360,0.52
130.35667,176,144,54590,12,1564,889537,242000,29.97,640,480,0.66
130.35667,176,144,54590,12,1564,889537,242000,29.97,1280,720,1.496
130.35667,176,144,54590,12,1564,889537,242000,29.97,1920,1080,3.228
130.35667,176,144,54590,12,1564,889537,539000,12,176,144,0.332
130.35667,176,144,54590,12,1564,889537,539000,12,320,240,0.48
130.35667,176,144,54590,12,1564,889537,539000,12,480,360,0.6
130.35667,176,144,54590,12,1564,889537,539000,12,640,480,0.724
130.35667,176,144,54590,12,1564,889537,539000,12,1280,720,1.508
130.35667,176,144,54590,12,1564,889537,539000,12,1920,1080,3.16
130.35667,176,144,54590,12,1564,889537,539000,15,176,144,0.336
130.35667,176,144,54590,12,1564,889537,539000,15,320,240,0.448
130.35667,176,144,54590,12,1564,889537,539000,15,480,360,0.572
130.35667,176,144,54590,12,1564,889537,539000,15,640,480,0.736
130.35667,176,144,54590,12,1564,889537,539000,15,1280,720,1.468
130.35667,176,144,54590,12,1564,889537,539000,15,1920,1080,3.144
130.35667,176,144,54590,12,1564,889537,539000,24,176,144,0.328
130.35667,176,144,54590,12,1564,889537,539000,24,320,240,0.448
130.35667,176,144,54590,12,1564,889537,539000,24,480,360,0.572
130.35667,176,144,54590,12,1564,889537,539000,24,640,480,0.708
130.35667,176,144,54590,12,1564,889537,539000,24,1280,720,1.456
130.35667,176,144,54590,12,1564,889537,539000,24,1920,1080,3.188
130.35667,176,144,54590,12,1564,889537,539000,25,176,144,0.324
130.35667,176,144,54590,12,1564,889537,539000,25,320,240,0.444
130.35667,176,144,54590,12,1564,889537,539000,25,480,360,0.584
130.35667,176,144,54590,12,1564,889537,539000,25,640,480,0.692
130.35667,176,144,54590,12,1564,889537,539000,25,1280,720,1.492
130.35667,176,144,54590,12,1564,889537,539000,25,1920,1080,3.108
130.35667,176,144,54590,12,1564,889537,539000,29.97,176,144,0.324
130.35667,176,144,54590,12,1564,889537,539000,29.97,320,240,0.444
130.35667,176,144,54590,12,1564,889537,539000,29.97,480,360,0.564
130.35667,176,144,54590,12,1564,889537,539000,29.97,640,480,0.676
130.35667,176,144,54590,12,1564,889537,539000,29.97,1280,720,1.476
130.35667,176,144,54590,12,1564,889537,539000,29.97,1920,1080,3.172
130.35667,176,144,54590,12,1564,889537,820000,12,176,144,0.324
130.35667,176,144,54590,12,1564,889537,820000,12,320,240,0.468
130.35667,176,144,54590,12,1564,889537,820000,12,480,360,0.64
130.35667,176,144,54590,12,1564,889537,820000,12,640,480,0.768
130.35667,176,144,54590,12,1564,889537,820000,12,1280,720,1.44
130.35667,176,144,54590,12,1564,889537,820000,12,1920,1080,3.172
130.35667,176,144,54590,12,1564,889537,820000,15,176,144,0.34
130.35667,176,144,54590,12,1564,889537,820000,15,320,240,0.464
130.35667,176,144,54590,12,1564,889537,820000,15,480,360,0.624
130.35667,176,144,54590,12,1564,889537,820000,15,640,480,0.776
130.35667,176,144,54590,12,1564,889537,820000,15,1280,720,1.488
130.35667,176,144,54590,12,1564,889537,820000,15,1920,1080,3.132
130.35667,176,144,54590,12,1564,889537,820000,24,176,144,0.328
130.35667,176,144,54590,12,1564,889537,820000,24,320,240,0.46
130.35667,176,144,54590,12,1564,889537,820000,24,480,360,0.616
130.35667,176,144,54590,12,1564,889537,820000,24,640,480,0.76
130.35667,176,144,54590,12,1564,889537,820000,24,1280,720,1.536
130.35667,176,144,54590,12,1564,889537,820000,24,1920,1080,3.116
130.35667,176,144,54590,12,1564,889537,820000,25,176,144,0.34
130.35667,176,144,54590,12,1564,889537,820000,25,320,240,0.464
130.35667,176,144,54590,12,1564,889537,820000,25,480,360,0.616
130.35667,176,144,54590,12,1564,889537,820000,25,640,480,0.764
130.35667,176,144,54590,12,1564,889537,820000,25,1280,720,1.496
130.35667,176,144,54590,12,1564,889537,820000,25,1920,1080,3.16
130.35667,176,144,54590,12,1564,889537,820000,29.97,176,144,0.356
130.35667,176,144,54590,12,1564,889537,820000,29.97,320,240,0.472
130.35667,176,144,54590,12,1564,889537,820000,29.97,480,360,0.632
130.35667,176,144,54590,12,1564,889537,820000,29.97,640,480,0.852
130.35667,176,144,54590,12,1564,889537,820000,29.97,1280,720,1.5
130.35667,176,144,54590,12,1564,889537,820000,29.97,1920,1080,3.176
130.35667,176,144,54590,12,1564,889537,3000000,12,176,144,0.32
130.35667,176,144,54590,12,1564,889537,3000000,12,320,240,0.484
130.35667,176,144,54590,12,1564,889537,3000000,12,480,360,0.672
130.35667,176,144,54590,12,1564,889537,3000000,12,640,480,0.892
130.35667,176,144,54590,12,1564,889537,3000000,12,1280,720,1.892
130.35667,176,144,54590,12,1564,889537,3000000,12,1920,1080,3.224
130.35667,176,144,54590,12,1564,889537,3000000,15,176,144,0.32
130.35667,176,144,54590,12,1564,889537,3000000,15,320,240,0.476
130.35667,176,144,54590,12,1564,889537,3000000,15,480,360,0.664
130.35667,176,144,54590,12,1564,889537,3000000,15,640,480,0.896
130.35667,176,144,54590,12,1564,889537,3000000,15,1280,720,1.848
130.35667,176,144,54590,12,1564,889537,3000000,15,1920,1080,3.188
130.35667,176,144,54590,12,1564,889537,3000000,24,176,144,0.328
130.35667,176,144,54590,12,1564,889537,3000000,24,320,240,0.452
130.35667,176,144,54590,12,1564,889537,3000000,24,480,360,0.668
130.35667,176,144,54590,12,1564,889537,3000000,24,640,480,0.892
130.35667,176,144,54590,12,1564,889537,3000000,24,1280,720,1.864
130.35667,176,144,54590,12,1564,889537,3000000,24,1920,1080,3.22
130.35667,176,144,54590,12,1564,889537,3000000,25,176,144,0.324
130.35667,176,144,54590,12,1564,889537,3000000,25,320,240,0.504
130.35667,176,144,54590,12,1564,889537,3000000,25,480,360,0.652
130.35667,176,144,54590,12,1564,889537,3000000,25,640,480,0.904
130.35667,176,144,54590,12,1564,889537,3000000,25,1280,720,1.916
130.35667,176,144,54590,12,1564,889537,3000000,25,1920,1080,3.196
130.35667,176,144,54590,12,1564,889537,3000000,29.97,176,144,0.324
130.35667,176,144,54590,12,1564,889537,3000000,29.97,320,240,0.516
130.35667,176,144,54590,12,1564,889537,3000000,29.97,480,360,0.68
130.35667,176,144,54590,12,1564,889537,3000000,29.97,640,480,0.9
130.35667,176,144,54590,12,1564,889537,3000000,29.97,1280,720,1.852
130.35667,176,144,54590,12,1564,889537,3000000,29.97,1920,1080,3.264
130.35667,176,144,54590,12,1564,889537,5000000,12,176,144,0.324
130.35667,176,144,54590,12,1564,889537,5000000,12,320,240,0.476
130.35667,176,144,54590,12,1564,889537,5000000,12,480,360,0.664
130.35667,176,144,54590,12,1564,889537,5000000,12,640,480,0.92
130.35667,176,144,54590,12,1564,889537,5000000,12,1280,720,2.04
130.35667,176,144,54590,12,1564,889537,5000000,12,1920,1080,3.74
130.35667,176,144,54590,12,1564,889537,5000000,15,176,144,0.332
130.35667,176,144,54590,12,1564,889537,5000000,15,320,240,0.468
130.35667,176,144,54590,12,1564,889537,5000000,15,480,360,0.656
130.35667,176,144,54590,12,1564,889537,5000000,15,640,480,0.904
130.35667,176,144,54590,12,1564,889537,5000000,15,1280,720,2.064
130.35667,176,144,54590,12,1564,889537,5000000,15,1920,1080,3.784
130.35667,176,144,54590,12,1564,889537,5000000,24,176,144,0.32
130.35667,176,144,54590,12,1564,889537,5000000,24,320,240,0.472
130.35667,176,144,54590,12,1564,889537,5000000,24,480,360,0.652
130.35667,176,144,54590,12,1564,889537,5000000,24,640,480,0.912
130.35667,176,144,54590,12,1564,889537,5000000,24,1280,720,2.056
130.35667,176,144,54590,12,1564,889537,5000000,24,1920,1080,3.672
130.35667,176,144,54590,12,1564,889537,5000000,25,176,144,0.324
130.35667,176,144,54590,12,1564,889537,5000000,25,320,240,0.476
130.35667,176,144,54590,12,1564,889537,5000000,25,480,360,0.66
130.35667,176,144,54590,12,1564,889537,5000000,25,640,480,0.912
130.35667,176,144,54590,12,1564,889537,5000000,25,1280,720,2.044
130.35667,176,144,54590,12,1564,889537,5000000,25,1920,1080,3.7
130.35667,176,144,54590,12,1564,889537,5000000,29.97,176,144,0.32
130.35667,176,144,54590,12,1564,889537,5000000,29.97,320,240,0.472
130.35667,176,144,54590,12,1564,889537,5000000,29.97,480,360,0.68
130.35667,176,144,54590,12,1564,889537,5000000,29.97,640,480,0.912
130.35667,176,144,54590,12,1564,889537,5000000,29.97,1280,720,2.028
130.35667,176,144,54590,12,1564,889537,5000000,29.97,1920,1080,3.684
130.35667,176,144,54590,12,1564,889537,56000,12,176,144,1.3
130.35667,176,144,54590,12,1564,889537,56000,12,320,240,2.292
130.35667,176,144,54590,12,1564,889537,56000,12,480,360,3.548
130.35667,176,144,54590,12,1564,889537,56000,12,640,480,5.024
130.35667,176,144,54590,12,1564,889537,56000,12,1280,720,10.481
130.35667,176,144,54590,12,1564,889537,56000,12,1920,1080,22.409
130.35667,176,144,54590,12,1564,889537,56000,15,176,144,1.428
130.35667,176,144,54590,12,1564,889537,56000,15,320,240,2.34
130.35667,176,144,54590,12,1564,889537,56000,15,480,360,3.8
130.35667,176,144,54590,12,1564,889537,56000,15,640,480,5.444
130.35667,176,144,54590,12,1564,889537,56000,15,1280,720,11.597
130.35667,176,144,54590,12,1564,889537,56000,15,1920,1080,26.662
130.35667,176,144,54590,12,1564,889537,56000,24,176,144,1.728
130.35667,176,144,54590,12,1564,889537,56000,24,320,240,2.744
130.35667,176,144,54590,12,1564,889537,56000,24,480,360,4.364
130.35667,176,144,54590,12,1564,889537,56000,24,640,480,6.572
130.35667,176,144,54590,12,1564,889537,56000,24,1280,720,18.453
130.35667,176,144,54590,12,1564,889537,56000,24,1920,1080,41.727
130.35667,176,144,54590,12,1564,889537,56000,25,176,144,1.864
130.35667,176,144,54590,12,1564,889537,56000,25,320,240,2.752
130.35667,176,144,54590,12,1564,889537,56000,25,480,360,4.492
130.35667,176,144,54590,12,1564,889537,56000,25,640,480,6.704
130.35667,176,144,54590,12,1564,889537,56000,25,1280,720,17.953
130.35667,176,144,54590,12,1564,889537,56000,25,1920,1080,40.711
130.35667,176,144,54590,12,1564,889537,56000,29.97,176,144,2.016
130.35667,176,144,54590,12,1564,889537,56000,29.97,320,240,3
130.35667,176,144,54590,12,1564,889537,56000,29.97,480,360,5.148
130.35667,176,144,54590,12,1564,889537,56000,29.97,640,480,7.6
130.35667,176,144,54590,12,1564,889537,56000,29.97,1280,720,18.345
130.35667,176,144,54590,12,1564,889537,56000,29.97,1920,1080,41.199
130.35667,176,144,54590,12,1564,889537,109000,12,176,144,1.564
130.35667,176,144,54590,12,1564,889537,109000,12,320,240,2.84
130.35667,176,144,54590,12,1564,889537,109000,12,480,360,4.536
130.35667,176,144,54590,12,1564,889537,109000,12,640,480,6.792
130.35667,176,144,54590,12,1564,889537,109000,12,1280,720,12.925
130.35667,176,144,54590,12,1564,889537,109000,12,1920,1080,23.013
130.35667,176,144,54590,12,1564,889537,109000,15,176,144,1.56
130.35667,176,144,54590,12,1564,889537,109000,15,320,240,2.92
130.35667,176,144,54590,12,1564,889537,109000,15,480,360,4.78
130.35667,176,144,54590,12,1564,889537,109000,15,640,480,6.952
130.35667,176,144,54590,12,1564,889537,109000,15,1280,720,13.933
130.35667,176,144,54590,12,1564,889537,109000,15,1920,1080,27.098
130.35667,176,144,54590,12,1564,889537,109000,24,176,144,2.044
130.35667,176,144,54590,12,1564,889537,109000,24,320,240,3.412
130.35667,176,144,54590,12,1564,889537,109000,24,480,360,5.344
130.35667,176,144,54590,12,1564,889537,109000,24,640,480,7.764
130.35667,176,144,54590,12,1564,889537,109000,24,1280,720,17.893
130.35667,176,144,54590,12,1564,889537,109000,24,1920,1080,42.219
130.35667,176,144,54590,12,1564,889537,109000,25,176,144,2.28
130.35667,176,144,54590,12,1564,889537,109000,25,320,240,3.552
130.35667,176,144,54590,12,1564,889537,109000,25,480,360,5.464
130.35667,176,144,54590,12,1564,889537,109000,25,640,480,8.057
130.35667,176,144,54590,12,1564,889537,109000,25,1280,720,18.473
130.35667,176,144,54590,12,1564,889537,109000,25,1920,1080,40.887
130.35667,176,144,54590,12,1564,889537,109000,29.97,176,144,2.3
130.35667,176,144,54590,12,1564,889537,109000,29.97,320,240,3.684
130.35667,176,144,54590,12,1564,889537,109000,29.97,480,360,6.116
130.35667,176,144,54590,12,1564,889537,109000,29.97,640,480,9.101
130.35667,176,144,54590,12,1564,889537,109000,29.97,1280,720,19.577
130.35667,176,144,54590,12,1564,889537,109000,29.97,1920,1080,41.419
130.35667,176,144,54590,12,1564,889537,242000,12,176,144,1.788
130.35667,176,144,54590,12,1564,889537,242000,12,320,240,3.544
130.35667,176,144,54590,12,1564,889537,242000,12,480,360,6.004
130.35667,176,144,54590,12,1564,889537,242000,12,640,480,8.873
130.35667,176,144,54590,12,1564,889537,242000,12,1280,720,18.209
130.35667,176,144,54590,12,1564,889537,242000,12,1920,1080,29.806
130.35667,176,144,54590,12,1564,889537,242000,15,176,144,1.716
130.35667,176,144,54590,12,1564,889537,242000,15,320,240,3.7
130.35667,176,144,54590,12,1564,889537,242000,15,480,360,6.228
130.35667,176,144,54590,12,1564,889537,242000,15,640,480,9.277
130.35667,176,144,54590,12,1564,889537,242000,15,1280,720,19.453
130.35667,176,144,54590,12,1564,889537,242000,15,1920,1080,32.266
130.35667,176,144,54590,12,1564,889537,242000,24,176,144,2.204
130.35667,176,144,54590,12,1564,889537,242000,24,320,240,4.208
130.35667,176,144,54590,12,1564,889537,242000,24,480,360,6.768
130.35667,176,144,54590,12,1564,889537,242000,24,640,480,10.097
130.35667,176,144,54590,12,1564,889537,242000,24,1280,720,22.357
130.35667,176,144,54590,12,1564,889537,242000,24,1920,1080,40.763
130.35667,176,144,54590,12,1564,889537,242000,25,176,144,2.476
130.35667,176,144,54590,12,1564,889537,242000,25,320,240,4.284
130.35667,176,144,54590,12,1564,889537,242000,25,480,360,6.844
130.35667,176,144,54590,12,1564,889537,242000,25,640,480,10.241
130.35667,176,144,54590,12,1564,889537,242000,25,1280,720,23.253
130.35667,176,144,54590,12,1564,889537,242000,25,1920,1080,42.063
130.35667,176,144,54590,12,1564,889537,242000,29.97,176,144,2.668
130.35667,176,144,54590,12,1564,889537,242000,29.97,320,240,4.508
130.35667,176,144,54590,12,1564,889537,242000,29.97,480,360,7.696
130.35667,176,144,54590,12,1564,889537,242000,29.97,640,480,11.761
130.35667,176,144,54590,12,1564,889537,242000,29.97,1280,720,26.358
130.35667,176,144,54590,12,1564,889537,242000,29.97,1920,1080,45.759
130.35667,176,144,54590,12,1564,889537,539000,12,176,144,2.168
130.35667,176,144,54590,12,1564,889537,539000,12,320,240,4.348
130.35667,176,144,54590,12,1564,889537,539000,12,480,360,7.68
130.35667,176,144,54590,12,1564,889537,539000,12,640,480,11.821
130.35667,176,144,54590,12,1564,889537,539000,12,1280,720,25.194
130.35667,176,144,54590,12,1564,889537,539000,12,1920,1080,42.247
130.35667,176,144,54590,12,1564,889537,539000,15,176,144,2.372
130.35667,176,144,54590,12,1564,889537,539000,15,320,240,4.44
130.35667,176,144,54590,12,1564,889537,539000,15,480,360,7.86
130.35667,176,144,54590,12,1564,889537,539000,15,640,480,12.025
130.35667,176,144,54590,12,1564,889537,539000,15,1280,720,26.722
130.35667,176,144,54590,12,1564,889537,539000,15,1920,1080,45.307
130.35667,176,144,54590,12,1564,889537,539000,24,176,144,2.392
130.35667,176,144,54590,12,1564,889537,539000,24,320,240,4.992
130.35667,176,144,54590,12,1564,889537,539000,24,480,360,8.209
130.35667,176,144,54590,12,1564,889537,539000,24,640,480,12.565
130.35667,176,144,54590,12,1564,889537,539000,24,1280,720,29.982
130.35667,176,144,54590,12,1564,889537,539000,24,1920,1080,53.323
130.35667,176,144,54590,12,1564,889537,539000,25,176,144,2.784
130.35667,176,144,54590,12,1564,889537,539000,25,320,240,4.952
130.35667,176,144,54590,12,1564,889537,539000,25,480,360,8.177
130.35667,176,144,54590,12,1564,889537,539000,25,640,480,12.865
130.35667,176,144,54590,12,1564,889537,539000,25,1280,720,31.014
130.35667,176,144,54590,12,1564,889537,539000,25,1920,1080,55.023
130.35667,176,144,54590,12,1564,889537,539000,29.97,176,144,2.98
130.35667,176,144,54590,12,1564,889537,539000,29.97,320,240,5.34
130.35667,176,144,54590,12,1564,889537,539000,29.97,480,360,9.221
130.35667,176,144,54590,12,1564,889537,539000,29.97,640,480,14.833
130.35667,176,144,54590,12,1564,889537,539000,29.97,1280,720,35.366
130.35667,176,144,54590,12,1564,889537,539000,29.97,1920,1080,60.872
130.35667,176,144,54590,12,1564,889537,820000,12,176,144,2.16
130.35667,176,144,54590,12,1564,889537,820000,12,320,240,4.88
130.35667,176,144,54590,12,1564,889537,820000,12,480,360,8.753
130.35667,176,144,54590,12,1564,889537,820000,12,640,480,13.349
130.35667,176,144,54590,12,1564,889537,820000,12,1280,720,30.034
130.35667,176,144,54590,12,1564,889537,820000,12,1920,1080,50.627
130.35667,176,144,54590,12,1564,889537,820000,15,176,144,2.28
130.35667,176,144,54590,12,1564,889537,820000,15,320,240,4.896
130.35667,176,144,54590,12,1564,889537,820000,15,480,360,8.725
130.35667,176,144,54590,12,1564,889537,820000,15,640,480,13.629
130.35667,176,144,54590,12,1564,889537,820000,15,1280,720,31.334
130.35667,176,144,54590,12,1564,889537,820000,15,1920,1080,52.987
130.35667,176,144,54590,12,1564,889537,820000,24,176,144,2.832
130.35667,176,144,54590,12,1564,889537,820000,24,320,240,5.536
130.35667,176,144,54590,12,1564,889537,820000,24,480,360,9.077
130.35667,176,144,54590,12,1564,889537,820000,24,640,480,13.853
130.35667,176,144,54590,12,1564,889537,820000,24,1280,720,34.074
130.35667,176,144,54590,12,1564,889537,820000,24,1920,1080,62.388
130.35667,176,144,54590,12,1564,889537,820000,25,176,144,2.66
130.35667,176,144,54590,12,1564,889537,820000,25,320,240,5.616
130.35667,176,144,54590,12,1564,889537,820000,25,480,360,9.093
130.35667,176,144,54590,12,1564,889537,820000,25,640,480,14.289
130.35667,176,144,54590,12,1564,889537,820000,25,1280,720,35.334
130.35667,176,144,54590,12,1564,889537,820000,25,1920,1080,63.9
130.35667,176,144,54590,12,1564,889537,820000,29.97,176,144,3.164
130.35667,176,144,54590,12,1564,889537,820000,29.97,320,240,5.8
130.35667,176,144,54590,12,1564,889537,820000,29.97,480,360,10.113
130.35667,176,144,54590,12,1564,889537,820000,29.97,640,480,16.185
130.35667,176,144,54590,12,1564,889537,820000,29.97,1280,720,40.455
130.35667,176,144,54590,12,1564,889537,820000,29.97,1920,1080,70.004
130.35667,176,144,54590,12,1564,889537,3000000,12,176,144,2.208
130.35667,176,144,54590,12,1564,889537,3000000,12,320,240,6.524
130.35667,176,144,54590,12,1564,889537,3000000,12,480,360,11.933
130.35667,176,144,54590,12,1564,889537,3000000,12,640,480,18.477
130.35667,176,144,54590,12,1564,889537,3000000,12,1280,720,43.431
130.35667,176,144,54590,12,1564,889537,3000000,12,1920,1080,81.897
130.35667,176,144,54590,12,1564,889537,3000000,15,176,144,2.264
130.35667,176,144,54590,12,1564,889537,3000000,15,320,240,6.504
130.35667,176,144,54590,12,1564,889537,3000000,15,480,360,11.841
130.35667,176,144,54590,12,1564,889537,3000000,15,640,480,18.785
130.35667,176,144,54590,12,1564,889537,3000000,15,1280,720,45.435
130.35667,176,144,54590,12,1564,889537,3000000,15,1920,1080,85.573
130.35667,176,144,54590,12,1564,889537,3000000,24,176,144,2.792
130.35667,176,144,54590,12,1564,889537,3000000,24,320,240,6.76
130.35667,176,144,54590,12,1564,889537,3000000,24,480,360,12.273
130.35667,176,144,54590,12,1564,889537,3000000,24,640,480,19.381
130.35667,176,144,54590,12,1564,889537,3000000,24,1280,720,49.023
130.35667,176,144,54590,12,1564,889537,3000000,24,1920,1080,93.326
130.35667,176,144,54590,12,1564,889537,3000000,25,176,144,2.816
130.35667,176,144,54590,12,1564,889537,3000000,25,320,240,6.832
130.35667,176,144,54590,12,1564,889537,3000000,25,480,360,12.397
130.35667,176,144,54590,12,1564,889537,3000000,25,640,480,19.589
130.35667,176,144,54590,12,1564,889537,3000000,25,1280,720,50.655
130.35667,176,144,54590,12,1564,889537,3000000,25,1920,1080,96.666
130.35667,176,144,54590,12,1564,889537,3000000,29.97,176,144,3.124
130.35667,176,144,54590,12,1564,889537,3000000,29.97,320,240,7.348
130.35667,176,144,54590,12,1564,889537,3000000,29.97,480,360,13.565
130.35667,176,144,54590,12,1564,889537,3000000,29.97,640,480,21.557
130.35667,176,144,54590,12,1564,889537,3000000,29.97,1280,720,56.044
130.35667,176,144,54590,12,1564,889537,3000000,29.97,1920,1080,107.003
130.35667,176,144,54590,12,1564,889537,5000000,12,176,144,2.428
130.35667,176,144,54590,12,1564,889537,5000000,12,320,240,6.484
130.35667,176,144,54590,12,1564,889537,5000000,12,480,360,13.385
130.35667,176,144,54590,12,1564,889537,5000000,12,640,480,21.293
130.35667,176,144,54590,12,1564,889537,5000000,12,1280,720,47.803
130.35667,176,144,54590,12,1564,889537,5000000,12,1920,1080,93.058
130.35667,176,144,54590,12,1564,889537,5000000,15,176,144,2.32
130.35667,176,144,54590,12,1564,889537,5000000,15,320,240,6.548
130.35667,176,144,54590,12,1564,889537,5000000,15,480,360,13.569
130.35667,176,144,54590,12,1564,889537,5000000,15,640,480,21.457
130.35667,176,144,54590,12,1564,889537,5000000,15,1280,720,49.995
130.35667,176,144,54590,12,1564,889537,5000000,15,1920,1080,96.814
130.35667,176,144,54590,12,1564,889537,5000000,24,176,144,2.76
130.35667,176,144,54590,12,1564,889537,5000000,24,320,240,6.836
130.35667,176,144,54590,12,1564,889537,5000000,24,480,360,13.489
130.35667,176,144,54590,12,1564,889537,5000000,24,640,480,21.941
130.35667,176,144,54590,12,1564,889537,5000000,24,1280,720,54.371
130.35667,176,144,54590,12,1564,889537,5000000,24,1920,1080,107.263
130.35667,176,144,54590,12,1564,889537,5000000,25,176,144,2.92
130.35667,176,144,54590,12,1564,889537,5000000,25,320,240,6.832
130.35667,176,144,54590,12,1564,889537,5000000,25,480,360,13.373
130.35667,176,144,54590,12,1564,889537,5000000,25,640,480,21.909
130.35667,176,144,54590,12,1564,889537,5000000,25,1280,720,56.14
130.35667,176,144,54590,12,1564,889537,5000000,25,1920,1080,109.467
130.35667,176,144,54590,12,1564,889537,5000000,29.97,176,144,3.072
130.35667,176,144,54590,12,1564,889537,5000000,29.97,320,240,7.204
130.35667,176,144,54590,12,1564,889537,5000000,29.97,480,360,14.761
130.35667,176,144,54590,12,1564,889537,5000000,29.97,640,480,24.482
130.35667,176,144,54590,12,1564,889537,5000000,29.97,1280,720,61.156
130.35667,176,144,54590,12,1564,889537,5000000,29.97,1920,1080,120.26
204.938,480,360,297373,16,3280,7617894,56000,12,176,144,1.004
204.938,480,360,297373,16,3280,7617894,56000,12,320,240,1.72
204.938,480,360,297373,16,3280,7617894,56000,12,480,360,2.004
204.938,480,360,297373,16,3280,7617894,56000,12,640,480,2.628
204.938,480,360,297373,16,3280,7617894,56000,12,1280,720,3.332
204.938,480,360,297373,16,3280,7617894,56000,12,1920,1080,6.056
204.938,480,360,297373,16,3280,7617894,56000,15,176,144,1.36
204.938,480,360,297373,16,3280,7617894,56000,15,320,240,1.468
204.938,480,360,297373,16,3280,7617894,56000,15,480,360,2.168
204.938,480,360,297373,16,3280,7617894,56000,15,640,480,2.736
204.938,480,360,297373,16,3280,7617894,56000,15,1280,720,4.356
204.938,480,360,297373,16,3280,7617894,56000,15,1920,1080,7.832
204.938,480,360,297373,16,3280,7617894,56000,24,176,144,1.876
204.938,480,360,297373,16,3280,7617894,56000,24,320,240,2.412
204.938,480,360,297373,16,3280,7617894,56000,24,480,360,2.892
204.938,480,360,297373,16,3280,7617894,56000,24,640,480,3.916
204.938,480,360,297373,16,3280,7617894,56000,24,1280,720,8.465
204.938,480,360,297373,16,3280,7617894,56000,24,1920,1080,12.257
204.938,480,360,297373,16,3280,7617894,56000,25,176,144,2.028
204.938,480,360,297373,16,3280,7617894,56000,25,320,240,2.464
204.938,480,360,297373,16,3280,7617894,56000,25,480,360,2.888
204.938,480,360,297373,16,3280,7617894,56000,25,640,480,3.948
204.938,480,360,297373,16,3280,7617894,56000,25,1280,720,8.429
204.938,480,360,297373,16,3280,7617894,56000,25,1920,1080,12.869
204.938,480,360,297373,16,3280,7617894,56000,29.97,176,144,2.02
204.938,480,360,297373,16,3280,7617894,56000,29.97,320,240,2.432
204.938,480,360,297373,16,3280,7617894,56000,29.97,480,360,3.212
204.938,480,360,297373,16,3280,7617894,56000,29.97,640,480,4.408
204.938,480,360,297373,16,3280,7617894,56000,29.97,1280,720,9.425
204.938,480,360,297373,16,3280,7617894,56000,29.97,1920,1080,14.793
204.938,480,360,297373,16,3280,7617894,109000,12,176,144,1.164
204.938,480,360,297373,16,3280,7617894,109000,12,320,240,1.444
204.938,480,360,297373,16,3280,7617894,109000,12,480,360,2.2
204.938,480,360,297373,16,3280,7617894,109000,12,640,480,1.608
204.938,480,360,297373,16,3280,7617894,109000,12,1280,720,3.172
204.938,480,360,297373,16,3280,7617894,109000,12,1920,1080,6.116
204.938,480,360,297373,16,3280,7617894,109000,15,176,144,1.032
204.938,480,360,297373,16,3280,7617894,109000,15,320,240,1.892
204.938,480,360,297373,16,3280,7617894,109000,15,480,360,2.136
204.938,480,360,297373,16,3280,7617894,109000,15,640,480,2.736
204.938,480,360,297373,16,3280,7617894,109000,15,1280,720,4.968
204.938,480,360,297373,16,3280,7617894,109000,15,1920,1080,7.368
204.938,480,360,297373,16,3280,7617894,109000,24,176,144,1.76
204.938,480,360,297373,16,3280,7617894,109000,24,320,240,2.352
204.938,480,360,297373,16,3280,7617894,109000,24,480,360,2.72
204.938,480,360,297373,16,3280,7617894,109000,24,640,480,3.828
204.938,480,360,297373,16,3280,7617894,109000,24,1280,720,7.884
204.938,480,360,297373,16,3280,7617894,109000,24,1920,1080,12.005
204.938,480,360,297373,16,3280,7617894,109000,25,176,144,2.104
204.938,480,360,297373,16,3280,7617894,109000,25,320,240,1.98
204.938,480,360,297373,16,3280,7617894,109000,25,480,360,2.76
204.938,480,360,297373,16,3280,7617894,109000,25,640,480,3.528
204.938,480,360,297373,16,3280,7617894,109000,25,1280,720,7.32
204.938,480,360,297373,16,3280,7617894,109000,25,1920,1080,12.101
204.938,480,360,297373,16,3280,7617894,109000,29.97,176,144,2.06
204.938,480,360,297373,16,3280,7617894,109000,29.97,320,240,2.088
204.938,480,360,297373,16,3280,7617894,109000,29.97,480,360,3.084
204.938,480,360,297373,16,3280,7617894,109000,29.97,640,480,3.928
204.938,480,360,297373,16,3280,7617894,109000,29.97,1280,720,8.629
204.938,480,360,297373,16,3280,7617894,109000,29.97,1920,1080,14.297
204.938,480,360,297373,16,3280,7617894,242000,12,176,144,1.104
204.938,480,360,297373,16,3280,7617894,242000,12,320,240,1.564
204.938,480,360,297373,16,3280,7617894,242000,12,480,360,1.336
204.938,480,360,297373,16,3280,7617894,242000,12,640,480,2.672
204.938,480,360,297373,16,3280,7617894,242000,12,1280,720,4.14
204.938,480,360,297373,16,3280,7617894,242000,12,1920,1080,6.136
204.938,480,360,297373,16,3280,7617894,242000,15,176,144,1.528
204.938,480,360,297373,16,3280,7617894,242000,15,320,240,1.504
204.938,480,360,297373,16,3280,7617894,242000,15,480,360,1.8
204.938,480,360,297373,16,3280,7617894,242000,15,640,480,2.624
204.938,480,360,297373,16,3280,7617894,242000,15,1280,720,4.748
204.938,480,360,297373,16,3280,7617894,242000,15,1920,1080,7.096
204.938,480,360,297373,16,3280,7617894,242000,24,176,144,1.772
204.938,480,360,297373,16,3280,7617894,242000,24,320,240,2.004
204.938,480,360,297373,16,3280,7617894,242000,24,480,360,2.844
204.938,480,360,297373,16,3280,7617894,242000,24,640,480,3.5
204.938,480,360,297373,16,3280,7617894,242000,24,1280,720,6.524
204.938,480,360,297373,16,3280,7617894,242000,24,1920,1080,12.017
204.938,480,360,297373,16,3280,7617894,242000,25,176,144,1.9
204.938,480,360,297373,16,3280,7617894,242000,25,320,240,2.448
204.938,480,360,297373,16,3280,7617894,242000,25,480,360,2.82
204.938,480,360,297373,16,3280,7617894,242000,25,640,480,3.84
204.938,480,360,297373,16,3280,7617894,242000,25,1280,720,7.988
204.938,480,360,297373,16,3280,7617894,242000,25,1920,1080,11.965
204.938,480,360,297373,16,3280,7617894,242000,29.97,176,144,2.148
204.938,480,360,297373,16,3280,7617894,242000,29.97,320,240,2.016
204.938,480,360,297373,16,3280,7617894,242000,29.97,480,360,2.82
204.938,480,360,297373,16,3280,7617894,242000,29.97,640,480,4.096
204.938,480,360,297373,16,3280,7617894,242000,29.97,1280,720,8.289
204.938,480,360,297373,16,3280,7617894,242000,29.97,1920,1080,13.681
204.938,480,360,297373,16,3280,7617894,539000,12,176,144,1.392
204.938,480,360,297373,16,3280,7617894,539000,12,320,240,1.42
204.938,480,360,297373,16,3280,7617894,539000,12,480,360,1.672
204.938,480,360,297373,16,3280,7617894,539000,12,640,480,2.388
204.938,480,360,297373,16,3280,7617894,539000,12,1280,720,3.232
204.938,480,360,297373,16,3280,7617894,539000,12,1920,1080,6.096
204.938,480,360,297373,16,3280,7617894,539000,15,176,144,1.476
204.938,480,360,297373,16,3280,7617894,539000,15,320,240,1.88
204.938,480,360,297373,16,3280,7617894,539000,15,480,360,1.988
204.938,480,360,297373,16,3280,7617894,539000,15,640,480,3.036
204.938,480,360,297373,16,3280,7617894,539000,15,1280,720,4.188
204.938,480,360,297373,16,3280,7617894,539000,15,1920,1080,7.896
204.938,480,360,297373,16,3280,7617894,539000,24,176,144,2.092
204.938,480,360,297373,16,3280,7617894,539000,24,320,240,2.404
204.938,480,360,297373,16,3280,7617894,539000,24,480,360,2.556
204.938,480,360,297373,16,3280,7617894,539000,24,640,480,4.012
204.938,480,360,297373,16,3280,7617894,539000,24,1280,720,6.184
204.938,480,360,297373,16,3280,7617894,539000,24,1920,1080,12.349
204.938,480,360,297373,16,3280,7617894,539000,25,176,144,1.916
204.938,480,360,297373,16,3280,7617894,539000,25,320,240,2.5
204.938,480,360,297373,16,3280,7617894,539000,25,480,360,3.196
204.938,480,360,297373,16,3280,7617894,539000,25,640,480,4.104
204.938,480,360,297373,16,3280,7617894,539000,25,1280,720,6.588
204.938,480,360,297373,16,3280,7617894,539000,25,1920,1080,11.633
204.938,480,360,297373,16,3280,7617894,539000,29.97,176,144,2.084
204.938,480,360,297373,16,3280,7617894,539000,29.97,320,240,2.132
204.938,480,360,297373,16,3280,7617894,539000,29.97,480,360,2.932
204.938,480,360,297373,16,3280,7617894,539000,29.97,640,480,4.552
204.938,480,360,297373,16,3280,7617894,539000,29.97,1280,720,8.221
204.938,480,360,297373,16,3280,7617894,539000,29.97,1920,1080,13.073
204.938,480,360,297373,16,3280,7617894,820000,12,176,144,1.268
204.938,480,360,297373,16,3280,7617894,820000,12,320,240,1.496
204.938,480,360,297373,16,3280,7617894,820000,12,480,360,1.84
204.938,480,360,297373,16,3280,7617894,820000,12,640,480,2.964
204.938,480,360,297373,16,3280,7617894,820000,12,1280,720,4.172
204.938,480,360,297373,16,3280,7617894,820000,12,1920,1080,6.196
204.938,480,360,297373,16,3280,7617894,820000,15,176,144,1.472
204.938,480,360,297373,16,3280,7617894,820000,15,320,240,2.144
204.938,480,360,297373,16,3280,7617894,820000,15,480,360,2.524
204.938,480,360,297373,16,3280,7617894,820000,15,640,480,2.864
204.938,480,360,297373,16,3280,7617894,820000,15,1280,720,5.136
204.938,480,360,297373,16,3280,7617894,820000,15,1920,1080,7.888
204.938,480,360,297373,16,3280,7617894,820000,24,176,144,2.016
204.938,480,360,297373,16,3280,7617894,820000,24,320,240,2.388
204.938,480,360,297373,16,3280,7617894,820000,24,480,360,1.936
204.938,480,360,297373,16,3280,7617894,820000,24,640,480,4.072
204.938,480,360,297373,16,3280,7617894,820000,24,1280,720,7.864
204.938,480,360,297373,16,3280,7617894,820000,24,1920,1080,12.061
204.938,480,360,297373,16,3280,7617894,820000,25,176,144,2.092
204.938,480,360,297373,16,3280,7617894,820000,25,320,240,2.5
204.938,480,360,297373,16,3280,7617894,820000,25,480,360,3
204.938,480,360,297373,16,3280,7617894,820000,25,640,480,4.124
204.938,480,360,297373,16,3280,7617894,820000,25,1280,720,8.169
204.938,480,360,297373,16,3280,7617894,820000,25,1920,1080,12.101
204.938,480,360,297373,16,3280,7617894,820000,29.97,176,144,2.132
204.938,480,360,297373,16,3280,7617894,820000,29.97,320,240,2.64
204.938,480,360,297373,16,3280,7617894,820000,29.97,480,360,3.32
204.938,480,360,297373,16,3280,7617894,820000,29.97,640,480,4.468
204.938,480,360,297373,16,3280,7617894,820000,29.97,1280,720,8.953
204.938,480,360,297373,16,3280,7617894,820000,29.97,1920,1080,14.137
204.938,480,360,297373,16,3280,7617894,3000000,12,176,144,1.352
204.938,480,360,297373,16,3280,7617894,3000000,12,320,240,1.836
204.938,480,360,297373,16,3280,7617894,3000000,12,480,360,1.808
204.938,480,360,297373,16,3280,7617894,3000000,12,640,480,2.796
204.938,480,360,297373,16,3280,7617894,3000000,12,1280,720,3.876
204.938,480,360,297373,16,3280,7617894,3000000,12,1920,1080,6.856
204.938,480,360,297373,16,3280,7617894,3000000,15,176,144,1.584
204.938,480,360,297373,16,3280,7617894,3000000,15,320,240,1.836
204.938,480,360,297373,16,3280,7617894,3000000,15,480,360,2.252
